﻿<?xml version="1.0" encoding="utf-8"?>
<Language Name="Hrvatski" IsDefault="false" IsRightToLeft="false">
  <LocaleResource Name="AdminEmail">
    <Value>Email administratora</Value>
  </LocaleResource>
  <LocaleResource Name="AdminEmailRequired">
    <Value>Unesi email administratora</Value>
  </LocaleResource>
  <LocaleResource Name="AdminPassword">
    <Value>Lozinka administratora</Value>
  </LocaleResource>
  <LocaleResource Name="AdminPasswordRequired">
    <Value>Unesi lozinku administratora</Value>
  </LocaleResource>
  <LocaleResource Name="ConfigureDirectoryPermissions">
    <Value>Račun '{0}' nema ovlasti za vršenje promjena nad datotekom '{1}'. Molimo konfigurirajte ove ovlasti.</Value>
  </LocaleResource>
  <LocaleResource Name="ConfigureFilePermissions">
    <Value>Račun '{0}' nema ovlasti za vršenje promjena nad fajlom '{1}'. Molimo konfigurirajte ove ovlasti.</Value>
  </LocaleResource>
  <LocaleResource Name="ConfirmPassword">
    <Value>Potvrdite lozinku</Value>
  </LocaleResource>
  <LocaleResource Name="ConfirmPasswordRequired">
    <Value>Unesite potvrdu lozinke</Value>
  </LocaleResource>
  <LocaleResource Name="ConnectionString">
    <Value>String za povezivanje</Value>
  </LocaleResource>
  <LocaleResource Name="ConnectionStringRequired">
    <Value>SQL string za povezivanje je obavezan</Value>
  </LocaleResource>
  <LocaleResource Name="ConnectionStringValues">
    <Value>Unesi SQL vrijednosti za povezivanje</Value>
  </LocaleResource>
  <LocaleResource Name="ConnectionStringWrongFormat">
    <Value>Pogrešan format SQL stringa za povezivanje</Value>
  </LocaleResource>
  <LocaleResource Name="CreateDatabaseIfDoesNotExist">
    <Value>Kreiraj bazu podataka ako ona već ne postoji</Value>
  </LocaleResource>
  <LocaleResource Name="CreateSampleData">
    <Value>Kreiraj primjere podataka</Value>
  </LocaleResource>
  <LocaleResource Name="CustomCollation">
    <Value>Navedite SQL Server collation</Value>
  </LocaleResource>
  <LocaleResource Name="Database">
    <Value>Baza podataka</Value>
  </LocaleResource>
  <LocaleResource Name="DatabaseCreationError">
    <Value>Pojavila se greška prilikom kreiranja baze podataka: {0}</Value>
  </LocaleResource>
  <LocaleResource Name="DatabaseInformation">
    <Value>Informacije o bazi podataka</Value>
  </LocaleResource>
  <LocaleResource Name="DatabaseName">
    <Value>Naziv baze podataka</Value>
  </LocaleResource>
  <LocaleResource Name="DatabaseNameRequired">
    <Value>Naziv baze podataka je obavezan</Value>
  </LocaleResource>
  <LocaleResource Name="DatabaseNotExists">
    <Value>Baza podataka ne postoji ili vi nemate ovlasti da se s njom povežete</Value>
  </LocaleResource>
  <LocaleResource Name="DataProviderRequired">
    <Value>Odaberite davatelja podataka</Value>
  </LocaleResource>
  <LocaleResource Name="Documentation1">
    <Value>Ako su vam potrebne informacije o tome kako se koristi nopCommerce, posjetite</Value>
  </LocaleResource>
  <LocaleResource Name="Documentation2">
    <Value>odjeljak dokumentacije na nopCommerce.com</Value>
  </LocaleResource>
  <LocaleResource Name="Example">
    <Value>Primjer</Value>
  </LocaleResource>
  <LocaleResource Name="Install">
    <Value>Instalacija</Value>
  </LocaleResource>
  <LocaleResource Name="Installing">
    <Value>Instaliram nopCommerce...</Value>
  </LocaleResource>
  <LocaleResource Name="IntegratedAuthentication">
    <Value>Koristi internu Windows autentifikaciju</Value>
  </LocaleResource>
  <LocaleResource Name="MySql">
    <Value>MySQL</Value>
  </LocaleResource>
  <LocaleResource Name="PasswordsDoNotMatch">
    <Value>Lozinke se ne podudaraju</Value>
  </LocaleResource>
  <LocaleResource Name="RawConnectionString">
    <Value>Unesite sirovi string za povezivanje (napredno)</Value>
  </LocaleResource>
  <LocaleResource Name="Recommended">
    <Value>[Preporuka]</Value>
  </LocaleResource>
  <LocaleResource Name="RestartInstallation">
    <Value>Ponovo pokreni instalaciju</Value>
  </LocaleResource>
  <LocaleResource Name="RestartInstallationTooltip">
    <Value>Klikni za ponovo pokretanje procesa instalacije (očisti sve vrijednosti u međuspremniku)</Value>
  </LocaleResource>
  <LocaleResource Name="ServerName">
    <Value>Naziv SQL Servera</Value>
  </LocaleResource>
  <LocaleResource Name="ServerNameRequired">
    <Value>Naziv SQL Servera je obavezan</Value>
  </LocaleResource>
  <LocaleResource Name="SetupFailed">
    <Value>Setup nije uspio: {0}</Value>
  </LocaleResource>
  <LocaleResource Name="SqlAuthentication">
    <Value>Koristi SQL Server račun</Value>
  </LocaleResource>
  <LocaleResource Name="SqlCompact">
    <Value>Koristi internu pohranu podataka (SQL Server Compact)</Value>
  </LocaleResource>
  <LocaleResource Name="SqlPassword">
    <Value>SQL lozinka</Value>
  </LocaleResource>
  <LocaleResource Name="SqlPasswordRequired">
    <Value>SQL lozinka je obavezna</Value>
  </LocaleResource>
  <LocaleResource Name="SqlServer">
    <Value>Microsoft SQL Server</Value>
  </LocaleResource>
  <LocaleResource Name="SqlUsername">
    <Value>SQL korisničko ime</Value>
  </LocaleResource>
  <LocaleResource Name="SqlUsernameRequired">
    <Value>SQL korisničko ime je obavezno</Value>
  </LocaleResource>
  <LocaleResource Name="StoreInformation">
    <Value>Informacije o prodavnici</Value>
  </LocaleResource>
  <LocaleResource Name="Title">
    <Value>nopCommerce instalacija</Value>
  </LocaleResource>
  <LocaleResource Name="Tooltip1">
    <Value>nopCommerce je vodeće ASP.NET e-commerce rješenje za online prodavnice. Ovaj čarobnjak će vas voditi kroz proces konfiguracije nopCommerca</Value>
  </LocaleResource>
  <LocaleResource Name="Tooltip2">
    <Value>Za kompletiranje ovog čarobnjaka, morate znati neke informacije o vašoj bazi podataka ("string za povezivanje"). Molimo da kontaktirate vašeg ISP-a ako je to potrebno. Ako instalaciju vršite na lokalnoj mašini ili lokalnom serveru informacije možete tražiti od vašeg sistemskog administratora.</Value>
  </LocaleResource>
</Language>